Article;Price;Amount;Manufacturer;Model
1;69;4;4Good;4Good People G410
2;98;15;Acer;Acer Liquid Z528
3;25;3;Akai;Akai MPH-345D
4;106;8;Alcatel;Alcatel 3c
5;149;15;Alcatel;Alcatel 3v
6;144;12;Alcatel;Alcatel 3x
7;182;15;Alcatel;Alcatel 5
8;96;13;Alcatel;Alcatel A3
9;106;2;Alcatel;Alcatel A5 LED
10;180;7;Alcatel;Alcatel A7 5090Y
11;13;15;Alcatel;Alcatel One Touch 1016D
12;14;10;Alcatel;Alcatel One Touch 1020D
13;21;11;Alcatel;Alcatel One Touch 1035D
14;13;2;Alcatel;Alcatel One Touch 1054D
15;32;5;Alcatel;Alcatel One Touch 2007D
16;29;15;Alcatel;Alcatel One Touch 2008G
17;31;11;Alcatel;Alcatel One Touch 2051D
18;158;2;Alcatel;Alcatel One Touch Idol 4 6055K
19;155;8;Alcatel;Alcatel One Touch Idol 5 6058D
20;16;4;Alcatel;Alcatel One Touch Pixi 3 3.5 4009D
21;68;8;Alcatel;Alcatel One Touch Pixi 4 5 5045D
22;40;14;Alcatel;Alcatel One Touch Pixi 4 5010D
23;90;13;Alcatel;Alcatel One Touch Pixi 4 6 9001D
24;84;4;Alcatel;Alcatel One Touch Pixi 4 Plus Power 5023F
25;237;13;Alcatel;Alcatel One Touch Pop S9 7050Y
26;111;8;Alcatel;Alcatel One Touch Pop Star 5022D
27;85;3;Alcatel;Alcatel One Touch Tribe 720
28;77;10;Alcatel;Alcatel Pixi 4 6 3G 8050D
29;198;4;Alcatel;Alcatel Pop 4 6 7070D
30;137;6;Alcatel;Alcatel Pop 4 6 7070X
31;86;3;Alcatel;Alcatel Pop 4 Plus 5056D
32;40;7;Alcatel;Alcatel U3
33;58;2;Alcatel;Alcatel U5
34;71;15;Alcatel;Alcatel U5 5044D
35;68;3;Apple;Apple iPhone 4S 16GB
36;81;8;Apple;Apple iPhone 4S 32GB
37;81;15;Apple;Apple iPhone 4S 64GB
38;90;6;Apple;Apple iPhone 4S 8GB
39;107;11;Apple;Apple iPhone 5 16GB
40;113;4;Apple;Apple iPhone 5 32GB
41;136;13;Apple;Apple iPhone 5 64GB
42;107;14;Apple;Apple iPhone 5C 16GB
43;115;5;Apple;Apple iPhone 5C 32GB
44;114;13;Apple;Apple iPhone 5C 8GB
45;135;2;Apple;Apple iPhone 5S 16GB
46;143;14;Apple;Apple iPhone 5S 32GB
47;154;10;Apple;Apple iPhone 5S 64GB
48;207;7;Apple;Apple iPhone 6 128GB
49;170;7;Apple;Apple iPhone 6 16GB
50;355;5;Apple;Apple iPhone 6 32GB
51;198;13;Apple;Apple iPhone 6 64GB
52;324;13;Apple;Apple iPhone 6 Plus 128GB
53;231;6;Apple;Apple iPhone 6 Plus 16GB
54;262;13;Apple;Apple iPhone 6 Plus 64GB
55;315;2;Apple;Apple iPhone 6S 128GB
56;217;14;Apple;Apple iPhone 6S 16GB
57;240;12;Apple;Apple iPhone 6S 32GB
58;257;6;Apple;Apple iPhone 6S 64GB
59;403;2;Apple;Apple iPhone 6S Plus 128GB
60;272;4;Apple;Apple iPhone 6S Plus 16GB
61;554;8;Apple;Apple iPhone 6S Plus 32GB
62;353;3;Apple;Apple iPhone 6S Plus 64GB
63;464;11;Apple;Apple iPhone 7 128GB
64;480;13;Apple;Apple iPhone 7 256GB
65;413;6;Apple;Apple iPhone 7 32GB
66;630;6;Apple;Apple iPhone 7 Plus 128GB
67;820;7;Apple;Apple iPhone 7 Plus 256GB
68;572;14;Apple;Apple iPhone 7 Plus 32GB
69;866;4;Apple;Apple iPhone 8 256GB
70;717;7;Apple;Apple iPhone 8 64GB
71;1008;10;Apple;Apple iPhone 8 Plus 256GB
72;818;12;Apple;Apple iPhone 8 Plus 64GB
73;401;13;Apple;Apple iPhone SE 128GB
74;232;7;Apple;Apple iPhone SE 16GB
75;284;12;Apple;Apple iPhone SE 32GB
76;279;3;Apple;Apple iPhone SE 64GB
77;1172;5;Apple;Apple iPhone X 256GB
78;1042;7;Apple;Apple iPhone X 64GB
79;48;13;Archos;Archos 40 Neon
80;74;2;Archos;Archos 50 Cobalt
81;172;3;Archos;Archos 50 Diamond
82;79;2;Archos;Archos 50 Platinum 4G
83;97;9;Archos;Archos 50 Power
84;87;3;Archos;Archos 50 Titanium
85;150;2;Archos;Archos 50d Oxygen
86;137;6;Archos;Archos 50dc Sense
87;135;15;Archos;Archos 50f Helium
88;89;3;Archos;Archos 50P Core
89;99;15;Archos;Archos 55 Cobalt Plus
90;119;7;Archos;Archos 55 Helium+
91;111;8;Archos;Archos 55b Platinum 8GB
92;147;9;Archos;Archos 55dc Sense
93;111;3;Archos;Archos 55P Core
94;162;10;Archos;Archos Sense 47X
95;236;6;Archos;Archos Sense 50X
96;81;11;ARK;ARK Benefit M1
97;19;7;ARK;ARK Benefit S453
98;22;9;ARK;ARK Benefit S502
99;45;3;ARK;ARK Benefit S504
100;26;14;ARK;ARK Benefit U242
101;19;10;ARK;ARK Benefit U243
102;22;12;ARK;ARK Benefit U244
103;22;14;ARK;ARK Benefit U281
104;32;13;ARK;ARK Benefit V1
105;89;10;ARK;ARK Note1
106;29;5;ARK;ARK Power F1
107;13;4;ARK;ARK U241
108;9;6;ARK;ARK U3
109;74;14;ARK;ARK Wizard 1
110;87;11;ARK;ARK Zoji Z6
111;369;12;Asus;Asus Zenfone 2 16GB ZE551ML
112;229;2;Asus;Asus Zenfone 2 32GB ZE551ML
113;194;8;Asus;Asus Zenfone 2 Laser 16GB ZE500KL
114;180;3;Asus;Asus Zenfone 2 Laser 16GB ZE550KL
115;164;2;Asus;Asus Zenfone 2 Laser 32GB ZE500KL
116;179;9;Asus;Asus Zenfone 2 Laser 32GB ZE550KL
117;328;14;Asus;Asus Zenfone 2 Zoom 16GB ZX550
118;216;3;Asus;Asus Zenfone 3 32GB ZE520KL
119;321;2;Asus;Asus Zenfone 3 32GB ZE552KL
120;307;13;Asus;Asus Zenfone 3 64GB ZE520KL
121;315;5;Asus;Asus Zenfone 3 64GB ZE552KL
122;420;15;Asus;Asus Zenfone 3 Deluxe 64GB ZS550KL
123;657;4;Asus;Asus Zenfone 3 Deluxe 64GB ZS570KL
124;180;14;Asus;Asus Zenfone 3 Laser 16GB ZC551KL
125;164;14;Asus;Asus Zenfone 3 Laser 32GB ZC551KL
126;152;15;Asus;Asus Zenfone 3 Max 16GB ZC520TL
127;190;2;Asus;Asus Zenfone 3 Max 32GB ZC520TL
128;196;7;Asus;Asus Zenfone 3 Max 32GB ZC553KL
129;385;15;Asus;Asus Zenfone 3 Zoom 64GB ZE553KL
130;343;2;Asus;Asus Zenfone 4 64GB ZE554KL
131;154;6;Asus;Asus Zenfone 4 Max 16GB ZC520KL
132;178;5;Asus;Asus Zenfone 4 Max 16GB ZC554KL
133;172;14;Asus;Asus Zenfone 4 Max 32GB ZC520KL
134;213;10;Asus;Asus Zenfone 4 Max 32GB ZC554KL
135;205;6;Asus;Asus Zenfone 4 Max Plus 32GB ZC550TL
136;718;11;Asus;Asus Zenfone 4 Pro 64GB ZS551KL
137;172;5;Asus;Asus Zenfone 4 Selfie 32GB ZB553KL
138;218;4;Asus;Asus Zenfone 4 Selfie 64GB ZD553KL
139;145;9;Asus;Asus Zenfone 4 Selfie Lite 16GB ZB553KL
140;306;6;Asus;Asus Zenfone 4 Selfie Pro 64GB ZD552KL
141;865;13;Asus;Asus Zenfone AR 128GB ZS571KL
142;75;7;Asus;Asus ZenFone Go 16GB ZB500KL
143;139;14;Asus;Asus Zenfone Go 16GB ZB552KL
144;131;13;Asus;Asus ZenFone Go 32GB ZB500KL
145;72;15;Asus;Asus Zenfone Go 8GB ZB452KG
146;90;15;Asus;Asus ZenFone Go 8GB ZB500KG
147;131;12;Asus;Asus Zenfone Go 8GB ZB690KG
148;81;13;Asus;Asus Zenfone Go 8GB ZC500TG
149;105;7;Asus;Asus Zenfone Live 16GB ZB501KL
150;129;13;Asus;Asus Zenfone Live 32GB ZB501KL
151;246;14;Asus;Asus Zenfone Max Plus M1 16GB ZB570TL
152;211;5;Asus;Asus Zenfone Max Plus M1 32GB ZB570TL
153;328;5;Asus;Asus Zenfone Zoom 128GB ZX551ML
154;318;6;Asus;Asus Zenfone Zoom 64GB ZX551ML
155;73;11;Black Fox;Black Fox BMM 431
156;147;3;BlackBerry;BlackBerry 9900 Bold
157;219;8;BlackBerry;BlackBerry DTEK50
158;375;11;BlackBerry;BlackBerry DTEK60
159;656;8;BlackBerry;BlackBerry Keyone
160;147;10;BlackBerry;BlackBerry Leap
161;500;11;BlackBerry;BlackBerry Motion
162;246;12;BlackBerry;BlackBerry Passport
163;301;7;BlackBerry;BlackBerry Priv
164;164;13;BlackBerry;BlackBerry Q10
165;244;11;BlackBerry;BlackBerry Q20 Classic
166;131;2;BlackBerry;BlackBerry Z10
167;147;9;BlackBerry;BlackBerry Z30
168;111;11;Blackview;Blackview BV5000
169;178;7;Blackview;Blackview BV6000
170;129;9;Blackview;Blackview BV6000s
171;138;3;Blackview;Blackview BV7000
172;188;3;Blackview;Blackview BV7000 Pro
173;254;12;Blackview;Blackview BV8000 Pro
174;178;14;Blackview;Blackview S8
175;280;9;BQ;BQ Aquaris M5 16GB
176;370;13;BQ;BQ Aquaris M5.5 16GB
177;164;7;BQ;BQ Aquaris U
178;152;6;BQ;BQ Aquaris U Plus 16GB
179;196;6;BQ;BQ Aquaris V 16GB
180;228;4;BQ;BQ Aquaris V Plus
181;286;13;BQ;BQ Aquaris X
182;295;5;BQ;BQ Aquaris X5
183;21;4;BQ;BQ BQ-1402 Lyon
184;40;6;BQ;BQ BQ-1565 Hong Kong
185;22;10;BQ;BQ BQ-1800 Respect
186;22;9;BQ;BQ BQ-1801 Bangkok
187;18;11;BQ;BQ BQ-1810 Pixel
188;15;9;BQ;BQ BQ-1840 Energy
189;28;10;BQ;BQ BQ-2002 Trust
190;40;4;BQ;BQ BQ-2267 Nokianvirta
191;32;10;BQ;BQ BQ-2300 Comfort
192;38;3;BQ;BQ BQ-2405 Dream
193;18;10;BQ;BQ BQ-2411 Swift L
194;21;12;BQ;BQ BQ-2412 Quattro
195;17;13;BQ;BQ BQ-2424 Nikko
196;20;10;BQ;BQ BQ-2425 Charger
197;20;11;BQ;BQ BQ-2427 Boom L
198;16;12;BQ;BQ BQ-2428 Tank
199;16;8;BQ;BQ BQ-2431 Step L+
200;22;4;BQ;BQ BQ-2805 Boom XL
201;27;13;BQ;BQ BQ-2806 Energy XL
202;19;15;BQ;BQ BQ-2811 Swift XL
203;15;9;BQ;BQ BQ-2831 Step XL+
204;34;3;BQ;BQ BQ-3201 Option
205;45;7;BQ;BQ BQ-4026 UP!
206;47;8;BQ;BQ BQ-4072 Strike Mini
207;53;14;BQ;BQ BQ-4503 Dubai
208;98;10;BQ;BQ BQ-4504 Nice
209;52;13;BQ;BQ BQ-4526 Fox
210;79;14;BQ;BQ BQ-5000L Trend
211;75;6;BQ;BQ BQ-5004 Paris
212;114;14;BQ;BQ BQ-5005L Intense
213;114;6;BQ;BQ BQ-5007 Rimini
214;79;7;BQ;BQ BQ-5020 Strike
215;90;6;BQ;BQ BQ-5022 Bond
216;147;3;BQ;BQ BQ-5032 Element
217;122;11;BQ;BQ BQ-5033 Shark
218;61;8;BQ;BQ BQ-5035 Velvet
219;111;4;BQ;BQ BQ-5037 Strike Power 4G
220;95;13;BQ;BQ BQ-5044 Strike LTE
221;98;15;BQ;BQ BQ-5050 Strike Selfie
222;83;7;BQ;BQ BQ-5054 Crystal
223;85;15;BQ;BQ BQ-5057 Strike 2
224;96;5;BQ;BQ BQ-5058 Strike Power Easy
225;96;5;BQ;BQ BQ-5059 Strike Power
226;103;5;BQ;BQ BQ-5070 Magic
227;90;2;BQ;BQ BQ-5071 Belief
228;164;10;BQ;BQ BQ-5201 Space
229;143;7;BQ;BQ BQ-5202 Space Lite
230;151;15;BQ;BQ BQ-5203 Vision
231;103;10;BQ;BQ BQ-5204 Strike Selfie
232;125;2;BQ;BQ BQ-5500L Advance
233;159;3;BQ;BQ BQ-5504 Strike Selfie Max
234;106;15;BQ;BQ BQ-5505 Amsterdam
235;106;12;BQ;BQ BQ-5515 Wide
236;109;11;BQ;BQ BQ-5520 Mercury
237;103;14;BQ;BQ BQ-5521 Strike Power Max
238;80;11;BQ;BQ BQ-5522 Next
239;86;14;BQ;BQ BQ-5525 Practic
240;81;11;BQ;BQ BQ-5591 Jeans
241;246;6;BQ;BQ BQ-6000L Aurora
242;147;10;BQ;BQ BQ-6050 Jumbo
243;131;5;BQ;BQ U Lite 4G
244;155;8;BQ;BQ U Plus 4G 16GB
245;175;11;BQ;BQ U Plus 4G 32GB
246;55;9;CATerpillar;CATerpillar B25
247;78;14;CATerpillar;CATerpillar B30
248;196;7;CATerpillar;CATerpillar S30
249;342;13;CATerpillar;CATerpillar S31
250;265;12;CATerpillar;CATerpillar S40
251;492;13;CATerpillar;CATerpillar S41
252;698;2;CATerpillar;CATerpillar S60
253;93;7;Digma;Digma Citi ATL 4G
254;77;2;Digma;Digma Citi Power 4G
255;31;15;Digma;Digma Citi Z400 3G
256;77;7;Digma;Digma Citi Z560 4G
257;27;8;Digma;Digma First XS350 2G
258;32;8;Digma;Digma Hit Q400 3G
259;54;11;Digma;Digma Hit Q500 3G
260;9;3;Digma;Digma Linx A177 2G
261;21;7;Digma;Digma Linx A200 2G
262;31;3;Digma;Digma Linx A400 3G
263;34;15;Digma;Digma Linx A420 3G
264;46;4;Digma;Digma Linx A450 3G
265;55;11;Digma;Digma Linx A452 3G
266;65;5;Digma;Digma Linx A501 4G
267;39;7;Digma;Digma Linx C500 3G
268;49;13;Digma;Digma Vox A10 3G
269;90;8;Digma;Digma Vox E502 4G
270;71;14;Digma;Digma Vox Fire 4G
271;73;8;Digma;Digma Vox Flash 4G
272;53;15;Digma;Digma Vox G450 3G
273;60;5;Digma;Digma Vox G500 3G
274;81;15;Digma;Digma Vox G501 4G
275;64;8;Digma;Digma Vox S500 3G
276;61;8;Digma;Digma Vox S501 3G
277;72;15;Digma;Digma Vox S502 3G
278;73;3;Digma;Digma Vox S502F 3G
279;53;8;Digma;Digma Vox S504 3G
280;65;7;Digma;Digma Vox S505 3G
281;65;6;Digma;Digma Vox S506 4G
282;63;7;Digma;Digma Vox S507 4G
283;59;3;Digma;Digma Vox S508 3G
284;66;8;Digma;Digma Vox S509 3G
285;81;10;Digma;Digma Vox S513 4G
286;295;6;Doogee;Doogee BL12000
287;196;13;Doogee;Doogee BL5000
288;209;7;Doogee;Doogee BL7000
289;254;13;Doogee;Doogee MIX 64GB/4GB
290;208;15;Doogee;Doogee MIX 64GB/6GB
291;145;10;Doogee;Doogee S30
292;293;4;Doogee;Doogee S60
293;114;10;Doogee;Doogee Shoot 1
294;84;6;Doogee;Doogee Shoot 2
295;55;3;Doogee;Doogee X10
296;71;12;Doogee;Doogee X20
297;87;4;Doogee;Doogee X20L
298;95;15;Doogee;Doogee X30
299;70;13;Doogee;Doogee X5 Max
300;90;2;Doogee;Doogee X5 Max Pro
301;76;12;ELARI;ELARI CardPhone
302;32;12;ELARI;ELARI NanoPhone
303;32;12;ELARI;ELARI NanoPhone C
304;122;6;Elephone;Elephone C1
305;162;12;Elephone;Elephone P9000
306;209;11;Elephone;Elephone R9
307;361;8;Energizer;Energizer Energy 500
308;196;7;Energizer;Energizer Energy S500
309;65;13;Fly;Fly 5S
310;26;11;Fly;Fly Ezzy
311;20;12;Fly;Fly Ezzy 7
312;26;10;Fly;Fly Ezzy Trendy 3
313;22;2;Fly;Fly FF178
314;11;4;Fly;Fly FF179
315;12;8;Fly;Fly FF180
316;14;10;Fly;Fly FF181
317;12;6;Fly;Fly FF182
318;22;10;Fly;Fly FF243
319;26;14;Fly;Fly FF244
320;31;14;Fly;Fly FF245
321;20;3;Fly;Fly FF246
322;17;3;Fly;Fly FF247
323;18;15;Fly;Fly FF248
324;29;9;Fly;Fly FF249
325;22;11;Fly;Fly FF281
326;27;8;Fly;Fly FF282
327;40;10;Fly;Fly FS406 Strarus 5
328;39;11;Fly;Fly FS407 Stratus 6
329;38;4;Fly;Fly FS408 Stratus 8
330;49;14;Fly;Fly FS454 Nimbus 8
331;80;14;Fly;Fly FS455 Nimbus 11
332;44;11;Fly;Fly FS456 Nimbus 14
333;62;2;Fly;Fly FS457 Nimbus 15
334;44;4;Fly;Fly FS458 Stratus 7
335;54;15;Fly;Fly FS459 Nimbus 16
336;49;8;Fly;Fly FS505 Nimbus 7
337;58;6;Fly;Fly FS506 Cirrus 3
338;76;5;Fly;Fly FS507 Cirrus 4
339;65;12;Fly;Fly FS508 Cirrus 6
340;65;11;Fly;Fly FS509 Nimbus 9
341;98;7;Fly;Fly FS511 Cirrus 7
342;65;6;Fly;Fly FS512 Nimbus 10
343;80;9;Fly;Fly FS516 Cirrus 12
344;63;8;Fly;Fly FS517 Cirrus 11
345;84;2;Fly;Fly FS518 Cirrus 13
346;100;14;Fly;Fly FS520 Selfie 1
347;89;15;Fly;Fly FS522 Cirrus 14
348;89;9;Fly;Fly FS523 Cirrus 16
349;55;4;Fly;Fly FS524 Knockout
350;80;9;Fly;Fly FS526 Power Plus 2
351;55;4;Fly;Fly FS527 Nimbus 17
352;75;13;Fly;Fly FS528 Memory Plus
353;62;6;Fly;Fly FS529 Champ
354;98;3;Fly;Fly FS553 Cirrus 9
355;26;3;Fly;Fly IQ239 Era
356;86;14;Fly;Fly IQ280 Tech
357;23;6;Fly;Fly TS113
358;12;10;Ginzzu;Ginzzu M102 Dual
359;19;14;Ginzzu;Ginzzu M108 Dual
360;15;2;Ginzzu;Ginzzu M201
361;12;2;Ginzzu;Ginzzu MB501
362;16;14;Ginzzu;Ginzzu MB505
363;27;15;Ginzzu;Ginzzu R11 Dual
364;32;11;Ginzzu;Ginzzu R12 Dual
365;32;13;Ginzzu;Ginzzu R1D
366;55;5;Ginzzu;Ginzzu R2 Dual
367;106;15;Ginzzu;Ginzzu R5 Dual
368;35;2;Ginzzu;Ginzzu R50D Dual
369;65;4;Ginzzu;Ginzzu R62D Dual
370;120;6;Ginzzu;Ginzzu RS71 Dual
371;163;14;Ginzzu;Ginzzu RS81D
372;140;11;Ginzzu;Ginzzu RS93 Dual
373;229;6;Ginzzu;Ginzzu RS94 Dual
374;196;9;Ginzzu;Ginzzu RS95 Dual
375;205;8;Ginzzu;Ginzzu RS96 Dual
376;295;10;Ginzzu;Ginzzu RS97 Dual
377;49;11;Ginzzu;Ginzzu S4020
378;32;9;Ginzzu;Ginzzu S5001
379;75;14;Ginzzu;Ginzzu S5020
380;86;4;Ginzzu;Ginzzu S5050
381;101;11;Ginzzu;Ginzzu S5140
382;76;2;Ginzzu;Ginzzu S5220
383;112;3;Ginzzu;Ginzzu S5510
384;90;15;Ginzzu;Ginzzu ST6120
385;820;4;Google;Google Pixel 2 128GB
386;755;4;Google;Google Pixel 2 64GB
387;911;9;Google;Google Pixel 2 XL 64GB
388;577;12;Google;Google Pixel XL 128GB
389;32;13;Haier;Haier A41
390;73;5;Haier;Haier G7
391;82;2;Haier;Haier T54P
392;213;6;Highscreen;Highscreen Boost 3 SE
393;106;13;Highscreen;Highscreen Easy L
394;104;9;Highscreen;Highscreen Easy Power
395;94;12;Highscreen;Highscreen Easy XL
396;110;3;Highscreen;Highscreen Easy XL Pro
397;124;4;Highscreen;Highscreen Fest
398;147;15;Highscreen;Highscreen Fest Pro
399;124;2;Highscreen;Highscreen Fest XL
400;344;5;Highscreen;Highscreen Power Five
401;131;12;Highscreen;Highscreen Power Ice
402;131;3;Highscreen;Highscreen Power Rage
403;114;7;Highscreen;Highscreen Razar
404;147;8;Highscreen;Highscreen Razar Pro
405;143;5;Highscreen;Highscreen Thunder
406;40;12;Hiper;Hiper sPhone One
407;67;2;Homtom;Homtom HT16
408;90;12;Homtom;Homtom HT16 Pro
409;121;15;Homtom;Homtom HT20
410;141;7;Homtom;Homtom HT20 Pro
411;68;2;Homtom;Homtom HT26
412;75;6;Homtom;Homtom HT27
413;67;15;Homtom;Homtom HT3
414;83;8;Homtom;Homtom HT30
415;90;11;Homtom;Homtom HT37
416;128;8;Homtom;Homtom HT50
417;70;11;Homtom;Homtom HT7
418;81;15;Homtom;Homtom S16
419;205;12;Homtom;Homtom S8
420;193;15;Homtom;Homtom S9 Plus
421;83;10;Homtom;Homtom Zoji Z6
422;106;8;Homtom;Homtom Zoji Z7
423;185;9;Homtom;Homtom ZoJI Z8 IP68
424;216;12;HTC;HTC 10 32GB
425;265;14;HTC;HTC 10 evo
426;410;5;HTC;HTC 10 Lifestyle
427;118;15;HTC;HTC Desire 530
428;104;14;HTC;HTC Desire 626G Dual Sim
429;163;4;HTC;HTC Desire 628 Dual Sim
430;127;6;HTC;HTC Desire 630 Dual Sim
431;196;11;HTC;HTC Desire 830
432;95;11;HTC;HTC One 16GB
433;95;8;HTC;HTC One 32GB
434;196;10;HTC;HTC One A9s 32GB
435;379;4;HTC;HTC One E9 Dual Sim
436;262;10;HTC;HTC One M8 16GB
437;107;6;HTC;HTC One M8 32GB
438;138;10;HTC;HTC One M9 32GB
439;232;11;HTC;HTC One Max
440;114;14;HTC;HTC One Mini
441;93;7;HTC;HTC One Mini 2
442;219;4;HTC;HTC One X10 Dual Sim
443;213;10;HTC;HTC U Play 32GB Dual Sim
444;224;10;HTC;HTC U Play 64GB Dual Sim
445;525;6;HTC;HTC U Ultra 128GB Dual Sim
446;308;12;HTC;HTC U Ultra 64GB Dual Sim
447;535;9;HTC;HTC U11 128GB
448;551;8;HTC;HTC U11 64GB
449;433;2;HTC;HTC U11 Eyes
450;668;3;HTC;HTC U11 Plus 128GB
451;705;14;HTC;HTC U11 Plus 64GB
452;162;3;Huawei;Huawei Ascend Y6 Dual Sim
453;16;11;Huawei;Huawei F362
454;205;5;Huawei;Huawei GR5
455;131;5;Huawei;Huawei Honor 4C
456;81;9;Huawei;Huawei Honor 4X
457;135;5;Huawei;Huawei Honor 6A Dual Sim
458;154;4;Huawei;Huawei Honor 6C
459;180;6;Huawei;Huawei Honor 6C Pro Dual Sim
460;229;14;Huawei;Huawei Honor 6x 2016 32GB/3GB
461;246;12;Huawei;Huawei Honor 6x 2016 64GB/4GB
462;239;3;Huawei;Huawei Honor 7 Dual Sim
463;278;9;Huawei;Huawei Honor 7X 32GB Dual Sim
464;278;9;Huawei;Huawei Honor 7X 64GB Dual Sim
465;278;4;Huawei;Huawei Honor 8 32GB/3GB Dual Sim
466;319;3;Huawei;Huawei Honor 8 32GB/4GB Dual Sim
467;328;7;Huawei;Huawei Honor 8 64GB Dual Sim
468;178;11;Huawei;Huawei Honor 8 Lite 32GB/3GB Dual Sim
469;477;9;Huawei;Huawei Honor 8 Pro 64GB/4GB Dual Sim
470;426;15;Huawei;Huawei Honor 9 128GB/6GB Dual Sim
471;358;10;Huawei;Huawei Honor 9 64GB/4GB Dual Sim
472;400;3;Huawei;Huawei Honor 9 64GB/6GB Dual Sim
473;221;6;Huawei;Huawei Honor 9 Lite 32GB Dual Sim
474;574;5;Huawei;Huawei Honor V10 128GB/6Gb Dual Sim
475;574;4;Huawei;Huawei Honor V10 64GB/4Gb Dual Sim
476;604;5;Huawei;Huawei Mate 10 Dual Sim
477;265;15;Huawei;Huawei Mate 10 Lite Dual Sim
478;803;2;Huawei;Huawei Mate 10 Pro Dual Sim
479;449;15;Huawei;Huawei Mate 9 Dual Sim
480;265;5;Huawei;Huawei Nova 2
481;334;5;Huawei;Huawei Nova 2 Plus
482;290;2;Huawei;Huawei Nova 32GB Dual Sim
483;159;8;Huawei;Huawei Nova Lite 2017
484;237;12;Huawei;Huawei P Smart Dual Sim
485;525;8;Huawei;Huawei P10 32GB Dual Sim
486;216;4;Huawei;Huawei P10 Lite 32GB/3GB Dual Sim
487;236;6;Huawei;Huawei P10 Lite 32GB/4GB Dual Sim
488;293;14;Huawei;Huawei P8
489;325;7;Huawei;Huawei P9 Dual Sim
490;188;11;Huawei;Huawei P9 Lite 16GB/2GB
491;541;14;Huawei;Huawei P9 Plus
492;88;15;Huawei;Huawei Y3 2017 Dual Sim
493;49;2;Huawei;Huawei Y3C Dual
494;99;7;Huawei;Huawei Y5 2017 Dual Sim
495;52;10;Huawei;Huawei Y5II Dual Sim
496;180;7;Huawei;Huawei Y7
497;47;8;Intex;Intex Aqua 4.5 3G
498;73;2;Intex;Intex Aqua Ring
499;65;13;Intex;Intex Cloud Glory N
500;31;8;Intex;Intex Ultra 4000
501;16;12;Irbis;Irbis SF08
502;11;5;Irbis;Irbis SF50
503;17;12;Irbis;Irbis SF51
504;16;11;Irbis;Irbis SF61
505;40;11;Irbis;Irbis SP05
506;57;3;Irbis;Irbis SP455
507;82;5;Irbis;Irbis SP56
508;73;14;Irbis;Irbis SP57
509;65;5;Irbis;Irbis SP58
510;65;2;Irbis;Irbis SP59
511;40;6;Jinga;Jinga A400
512;49;5;Jinga;Jinga A450
513;65;8;Jinga;Jinga A500 4G
514;49;10;Jinga;Jinga A502
515;73;9;Jinga;Jinga Fresh
516;85;12;Jinga;Jinga Fresh 4G
517;46;9;Jinga;Jinga IP68
518;61;3;Jinga;Jinga Iron
519;21;14;Jinga;Jinga JM100
520;9;4;Jinga;Jinga Simple F100
521;9;14;Jinga;Jinga Simple F170
522;8;9;Jinga;Jinga Simple F177
523;8;7;Jinga;Jinga Simple F200
524;8;2;Jinga;Jinga Simple F200n
525;19;10;Jinga;Jinga Simple F315B
526;24;11;Jinga;Jinga Simple F370
527;31;5;Jinga;Jinga Simple F510
528;21;9;Jinga;Jinga Simple PB100
529;77;12;Jinga;Jinga Storm
530;154;7;LeEco;LeEco Cool1 32GB/3GB
531;126;9;LeEco;LeEco Le 2 X620
532;311;12;LeEco;LeEco Le Max 2
533;73;6;Lenovo;Lenovo A Plus
534;65;10;Lenovo;Lenovo A1000
535;81;14;Lenovo;Lenovo A2010
536;65;3;Lenovo;Lenovo A2016
537;119;6;Lenovo;Lenovo A369i
538;98;3;Lenovo;Lenovo A6010 Music
539;142;11;Lenovo;Lenovo K6
540;172;6;Lenovo;Lenovo K6 Note
541;228;6;Lenovo;Lenovo K6 Note Dual
542;223;8;Lenovo;Lenovo K6 Power 16GB
543;164;11;Lenovo;Lenovo K6 Power 32GB
544;152;14;Lenovo;Lenovo K6 Power Dual
545;213;3;Lenovo;Lenovo Phab 2 Plus
546;311;4;Lenovo;Lenovo Phab 2 Pro
547;81;12;Lenovo;Lenovo Vibe C
548;106;11;Lenovo;Lenovo Vibe C2 Power
549;188;2;Lenovo;Lenovo Vibe K5 Note Pro
550;131;12;Lenovo;Lenovo Vibe K5 Plus
551;131;13;Lenovo;Lenovo Vibe P1M
552;130;10;Lenovo;Lenovo Vibe S1
553;178;12;Lenovo;Lenovo Vibe Shot
554;122;6;Lenovo;Lenovo Vibe X2
555;13;12;Lexand;Lexand A1 Basic
556;29;12;Lexand;Lexand A2 Flip
557;20;9;Lexand;Lexand A3 Light
558;20;2;Lexand;Lexand A4 Big
559;39;6;Lexand;Lexand BT1 Glass
560;39;7;Lexand;Lexand BT1 Steel
561;17;15;Lexand;Lexand Mini LPH1
562;27;2;Lexand;Lexand Mini LPH5
563;32;5;Lexand;Lexand R1 Rock
564;81;3;LG;LG G3 32GB
565;68;12;LG;LG G360
566;124;9;LG;LG G3s DualSim
567;544;5;LG;LG G4 32GB
568;128;12;LG;LG G4c
569;278;13;LG;LG G5 Duos
570;492;6;LG;LG G5 SE Dual
571;477;5;LG;LG G6 32GB Duos
572;416;5;LG;LG G6 64GB Duos
573;490;7;LG;LG G6 Plus 128GB Duos
574;114;6;LG;LG K10
575;137;13;LG;LG K10 2017 Duos
576;73;2;LG;LG K3
577;52;2;LG;LG K3 Duos
578;100;4;LG;LG K7 2017 Duos
579;110;14;LG;LG K7 Duos
580;125;12;LG;LG K8 2017 Duos
581;114;15;LG;LG K8 Duos
582;147;12;LG;LG Magna DualSim
583;236;2;LG;LG Nexus 5X 16GB
584;251;5;LG;LG Q6 32GB Duos
585;256;9;LG;LG Q6? Plus 64GB Duos
586;183;3;LG;LG Q6a 16GB Duos
587;213;10;LG;LG Stylus 3 Duos
588;252;4;LG;LG V10 Duos
589;311;15;LG;LG V20 32GB
590;385;4;LG;LG V20 64GB
591;820;5;LG;LG V30 128GB Duos
592;705;15;LG;LG V30 64GB Duos
593;131;13;LG;LG X Cam Duos
594;141;3;LG;LG X Power Duos
595;180;13;LG;LG X power2
596;139;8;LG;LG X Style Duos
597;328;9;LG;LG X Venture
598;131;8;LG;LG X View Duos
599;14;12;Maxvi;Maxvi B1
600;19;15;Maxvi;Maxvi B2
601;17;6;Maxvi;Maxvi C10
602;17;5;Maxvi;Maxvi C11
603;8;9;Maxvi;Maxvi C20
604;22;2;Maxvi;Maxvi J1
605;25;14;Maxvi;Maxvi J8
606;22;7;Maxvi;Maxvi K10
607;16;6;Maxvi;Maxvi M10
608;16;8;Maxvi;Maxvi M11
609;22;6;Maxvi;Maxvi X300
610;22;2;Maxvi;Maxvi X500
611;23;14;Maxvi;Maxvi X800
612;29;9;Maxvi;Maxvi X850
613;147;7;Meizu;Meizu M1 Metal 32GB
614;147;6;Meizu;Meizu M2 Mini
615;147;11;Meizu;Meizu M2 Note 16GB
616;215;3;Meizu;Meizu M3 Max 64GB
617;164;9;Meizu;Meizu M3 Note 32GB
618;197;8;Meizu;Meizu M3e
619;124;15;Meizu;Meizu M3s 16GB
620;134;14;Meizu;Meizu M3s 32GB
621;113;11;Meizu;Meizu M5 16GB
622;130;3;Meizu;Meizu M5 32GB
623;139;9;Meizu;Meizu M5 Note 16GB
624;154;10;Meizu;Meizu M5 Note 32GB
625;223;3;Meizu;Meizu M5 Note 64GB
626;93;10;Meizu;Meizu M5c 16GB
627;117;12;Meizu;Meizu M5c 32GB
628;112;13;Meizu;Meizu M5s 16GB
629;123;14;Meizu;Meizu M5s 32GB
630;121;2;Meizu;Meizu M6 16GB
631;136;6;Meizu;Meizu M6 32GB
632;160;2;Meizu;Meizu M6 Note 16GB
633;199;11;Meizu;Meizu M6 Note 32GB
634;220;6;Meizu;Meizu M6 Note 64GB
635;185;10;Meizu;Meizu MX5 32GB
636;209;3;Meizu;Meizu MX6 32GB/3GB
637;295;7;Meizu;Meizu MX6 32GB/4GB
638;246;14;Meizu;Meizu Pro 5 32GB
639;269;4;Meizu;Meizu Pro 5 64GB
640;262;15;Meizu;Meizu Pro 6 32GB
641;278;5;Meizu;Meizu Pro 6 64GB
642;562;8;Meizu;Meizu Pro 6 Plus 64GB
643;267;13;Meizu;Meizu Pro 6s 64GB
644;369;6;Meizu;Meizu Pro 7 128GB
645;291;3;Meizu;Meizu Pro 7 64GB
646;466;4;Meizu;Meizu Pro 7 Plus 128GB
647;488;3;Meizu;Meizu Pro 7 Plus 64GB
648;246;15;Meizu;Meizu U10 32GB
649;29;3;Micromax;Micromax A61 Bolt
650;72;12;Micromax;Micromax Bolt Juice Q3551
651;42;5;Micromax;Micromax Bolt Q326
652;45;5;Micromax;Micromax Bolt Q346
653;65;8;Micromax;Micromax Bolt Q354
654;86;12;Micromax;Micromax Bolt Q397
655;98;11;Micromax;Micromax Bolt Q398
656;75;8;Micromax;Micromax Bolt Selfie Q424
657;65;6;Micromax;Micromax Bolt Warrior 1 Plus Q4101
658;90;13;Micromax;Micromax Bolt Warrior 2 Plus Q4202
659;37;15;Micromax;Micromax Brahat 2 Q402
660;213;2;Micromax;Micromax Canvas 5 E481
661;106;8;Micromax;Micromax Canvas 5 Lite Q462
662;93;8;Micromax;Micromax Canvas Juice 3 Q392
663;106;12;Micromax;Micromax Canvas Juice 4 Q465
664;98;11;Micromax;Micromax Canvas Juice A1 Q4251
665;106;3;Micromax;Micromax Canvas Juice A1 Q4260
666;77;8;Micromax;Micromax Canvas Magnus 2 Q338
667;81;14;Micromax;Micromax Canvas Magnus HD Q421
668;98;11;Micromax;Micromax Canvas Pace 2 Plus Q479
669;75;7;Micromax;Micromax Canvas Pace mini Q401
670;188;14;Micromax;Micromax Canvas Pulse 4G E451
671;90;7;Micromax;Micromax Canvas Q413
672;63;2;Micromax;Micromax Canvas Selfie 2 Q340
673;60;14;Micromax;Micromax Canvas Spark 2 Q334
674;42;14;Micromax;Micromax Q3001
675;53;8;Micromax;Micromax Q351
676;73;5;Micromax;Micromax Q409
677;20;9;Micromax;Micromax X2400
678;19;3;Micromax;Micromax X2401
679;23;13;Micromax;Micromax X2420
680;19;2;Micromax;Micromax X249
681;17;3;Micromax;Micromax X401
682;14;5;Micromax;Micromax X406
683;14;5;Micromax;Micromax X408
684;14;10;Micromax;Micromax X507
685;13;11;Micromax;Micromax X556
686;21;15;Micromax;Micromax X608
687;20;13;Micromax;Micromax X649
688;19;4;Micromax;Micromax X704
689;18;14;Micromax;Micromax X705
690;16;2;Micromax;Micromax X707
691;27;3;Micromax;Micromax X803
692;27;5;Micromax;Micromax X907
693;23;2;Micromax;Micromax X913
694;26;5;Micromax;Micromax X940
695;75;7;Microsoft;Microsoft Lumia 550
696;164;2;Microsoft;Microsoft Lumia 640
697;54;7;Motorola;Motorola E398
698;64;15;Motorola;Motorola KRZR K1
699;74;9;Motorola;Motorola Moto C 16GB Dual
700;70;3;Motorola;Motorola Moto C 8GB Dual
701;92;11;Motorola;Motorola Moto C Plus Dual
702;127;5;Motorola;Motorola Moto E
703;111;12;Motorola;Motorola Moto E4 Dual
704;157;2;Motorola;Motorola Moto E4 Plus 16GB Dual
705;208;3;Motorola;Motorola Moto G5S Dual
706;180;15;Motorola;Motorola Moto M Dual
707;361;15;Motorola;Motorola Moto Z 32GB Dual
708;319;12;Motorola;Motorola Moto Z Play Dual
709;525;15;Motorola;Motorola Moto Z2 Play 32GB Dual
710;433;6;Motorola;Motorola Moto Z2 Play 64GB Dual
711;246;9;Motorola;Motorola Nexus 6 32GB
712;262;3;Motorola;Motorola Nexus 6 64GB
713;54;11;Motorola;Motorola RAZR V3i
714;78;9;Motorola;Motorola RAZR2 V8
715;78;8;Motorola;Motorola RAZR2 V8 Luxury
716;80;14;Motorola;Motorola RAZR2 V9
717;49;10;MTC;MTC Smart Race 2 LTE
718;37;13;MTC;MTC Smart Race 4G
719;31;4;MTC;MTC Smart Start
720;57;7;MTC;MTC Smart Surf 2 4G
721;32;5;Nokia;Nokia 101 Dual Sim
722;21;11;Nokia;Nokia 105
723;20;6;Nokia;Nokia 105 2017
724;19;11;Nokia;Nokia 105 2017 Dual Sim
725;21;15;Nokia;Nokia 105 New
726;19;15;Nokia;Nokia 105 New Dual Sim
727;31;15;Nokia;Nokia 1202
728;32;13;Nokia;Nokia 1280
729;31;8;Nokia;Nokia 130
730;28;13;Nokia;Nokia 130 2017 Dual Sim
731;25;5;Nokia;Nokia 130 Dual Sim
732;40;2;Nokia;Nokia 150
733;30;11;Nokia;Nokia 150 Dual Sim
734;37;9;Nokia;Nokia 1600
735;101;9;Nokia;Nokia 2 Dual Sim
736;73;12;Nokia;Nokia 206
737;40;5;Nokia;Nokia 216
738;37;5;Nokia;Nokia 216 Dual Sim
739;70;7;Nokia;Nokia 225
740;81;7;Nokia;Nokia 230
741;66;7;Nokia;Nokia 230 Dual Sim
742;41;12;Nokia;Nokia 2680 slide
743;59;14;Nokia;Nokia 2700 Classic
744;65;12;Nokia;Nokia 2720 Fold
745;54;6;Nokia;Nokia 2730 Classic
746;60;2;Nokia;Nokia 2760
747;124;12;Nokia;Nokia 3 Dual Sim
748;73;3;Nokia;Nokia 301
749;64;13;Nokia;Nokia 3110 Classic
750;50;10;Nokia;Nokia 3310 2017 Dual Sim
751;82;10;Nokia;Nokia 3710 Fold
752;91;7;Nokia;Nokia 3720 Classic
753;165;12;Nokia;Nokia 5 Dual Sim
754;50;11;Nokia;Nokia 5130 XpressMusic
755;205;9;Nokia;Nokia 515
756;205;3;Nokia;Nokia 515 Dual Sim
757;60;14;Nokia;Nokia 5230
758;54;6;Nokia;Nokia 5310 XpressMusic
759;64;4;Nokia;Nokia 5530 XpressMusic
760;70;10;Nokia;Nokia 5610 XpressMusic
761;56;11;Nokia;Nokia 5800 XpressMusic
762;213;5;Nokia;Nokia 6 32GB Dual Sim
763;261;5;Nokia;Nokia 6 64GB Dual Sim
764;32;3;Nokia;Nokia 6020
765;49;5;Nokia;Nokia 6060
766;49;15;Nokia;Nokia 6085
767;62;13;Nokia;Nokia 6101
768;59;15;Nokia;Nokia 6103
769;48;11;Nokia;Nokia 6131
770;65;15;Nokia;Nokia 6230
771;65;12;Nokia;Nokia 6230i
772;55;14;Nokia;Nokia 6233
773;82;11;Nokia;Nokia 6260
774;72;9;Nokia;Nokia 6267
775;34;14;Nokia;Nokia 6300
776;57;15;Nokia;Nokia 6303 Classic
777;64;3;Nokia;Nokia 6303i Classic
778;75;8;Nokia;Nokia 6310i
779;63;14;Nokia;Nokia 6500 Classic
780;64;11;Nokia;Nokia 6500 Slide
781;55;15;Nokia;Nokia 6555
782;77;14;Nokia;Nokia 6600 Fold
783;64;8;Nokia;Nokia 6600 Slide
784;72;11;Nokia;Nokia 6600i Slide
785;90;10;Nokia;Nokia 6700 Classic
786;78;7;Nokia;Nokia 6700 Slide
787;55;14;Nokia;Nokia 7230
788;57;8;Nokia;Nokia 7260
789;65;9;Nokia;Nokia 7270
790;70;3;Nokia;Nokia 7373
791;82;7;Nokia;Nokia 7390
792;70;5;Nokia;Nokia 7510 Supernova
793;387;2;Nokia;Nokia 8 Dual Sim
794;131;14;Nokia;Nokia 8600 Luna
795;194;14;Nokia;Nokia 8800
796;607;10;Nokia;Nokia 8800 Arte
797;244;12;Nokia;Nokia 8800 Sirocco
798;72;12;Nokia;Nokia Asha 210
799;73;4;Nokia;Nokia Asha 300
800;47;15;Nokia;Nokia C2-00
801;30;4;Nokia;Nokia C2-01
802;73;15;Nokia;Nokia C3-01
803;70;11;Nokia;Nokia C5
804;70;15;Nokia;Nokia C5 5 ŒP
805;49;10;Nokia;Nokia C5-03
806;72;10;Nokia;Nokia C6-01
807;72;9;Nokia;Nokia C7
808;91;12;Nokia;Nokia E50
809;98;5;Nokia;Nokia E51 Old
810;80;7;Nokia;Nokia E52
811;63;14;Nokia;Nokia E66
812;65;13;Nokia;Nokia E71
813;80;10;Nokia;Nokia E72
814;154;3;Nokia;Nokia Lumia 1020
815;123;8;Nokia;Nokia Lumia 520
816;147;2;Nokia;Nokia Lumia 640
817;131;6;Nokia;Nokia Lumia 720
818;80;3;Nokia;Nokia Lumia 820
819;147;11;Nokia;Nokia Lumia 830
820;81;10;Nokia;Nokia Lumia 920
821;96;12;Nokia;Nokia Lumia 925
822;178;2;Nokia;Nokia Lumia 930
823;47;8;Nokia;Nokia N70
824;49;10;Nokia;Nokia N72
825;57;9;Nokia;Nokia N73
826;80;10;Nokia;Nokia N76
827;65;10;Nokia;Nokia N78
828;65;13;Nokia;Nokia N79
829;85;13;Nokia;Nokia N8
830;68;4;Nokia;Nokia N81
831;62;12;Nokia;Nokia N82
832;70;8;Nokia;Nokia N85
833;78;12;Nokia;Nokia N86
834;78;14;Nokia;Nokia N95
835;75;15;Nokia;Nokia N95 8Gb
836;78;3;Nokia;Nokia N96
837;73;3;Nokia;Nokia X1-01
838;131;5;Nokia;Nokia X2 Dual Sim
839;54;8;Nokia;Nokia X2 old
840;70;13;Nokia;Nokia X2-02
841;77;3;Nokia;Nokia X3
842;80;6;Nokia;Nokia X3-02
843;80;4;Nokia;Nokia X6
844;110;2;Nokia;Nokia X7
845;378;11;OnePlus;OnePlus 2
846;388;15;OnePlus;OnePlus 3
847;448;11;OnePlus;OnePlus 3T 128GB
848;405;10;OnePlus;OnePlus 3T 64GB
849;549;15;OnePlus;OnePlus 5 128GB
850;485;6;OnePlus;OnePlus 5 64GB
851;535;12;OnePlus;OnePlus 5T 128GB
852;467;5;OnePlus;OnePlus 5T 64GB
853;26;6;Onext;Onext Care-Phone 5
854;35;3;Onext;Onext Care-Phone 6
855;328;7;OPPO;OPPO F5
856;295;7;OPPO;OPPO F5 Youth
857;333;12;OPPO;OPPO R9s
858;152;12;Oukitel;Oukitel K10000
859;185;7;Oukitel;Oukitel K10000 Pro
860;179;7;Oukitel;Oukitel K6000 Plus
861;287;12;Oukitel;Oukitel Mix 2
862;20;9;Oysters;Oysters Arctic 450
863;16;11;Oysters;Oysters Omsk
864;209;14;Philips;Philips 588
865;12;12;Philips;Philips E103
866;16;4;Philips;Philips E106
867;32;13;Philips;Philips E160
868;49;3;Philips;Philips E181
869;64;5;Philips;Philips S307
870;52;3;Philips;Philips S309
871;105;4;Philips;Philips S318
872;86;12;Philips;Philips S326
873;108;14;Philips;Philips S327
874;65;4;Philips;Philips S337
875;111;13;Philips;Philips S386
876;127;9;Philips;Philips S396
877;247;14;Philips;Philips S616
878;108;15;Philips;Philips X586
879;39;7;Philips;Philips Xenium E116
880;29;13;Philips;Philips Xenium E168
881;69;11;Philips;Philips Xenium E331
882;76;14;Philips;Philips Xenium E560
883;72;2;Philips;Philips Xenium E570
884;121;9;Philips;Philips Xenium V377
885;108;8;Philips;Philips Xenium V526
886;200;5;Philips;Philips Xenium V787
887;54;13;Philips;Philips Xenium X800
888;208;11;Philips;Philips Xenium X818
889;73;6;Prestigio;Prestigio Grace P5 DUO
890;100;2;Prestigio;Prestigio Grace R5 LTE
891;49;14;Prestigio;Prestigio MultiPhone 3458 DUO
892;68;13;Prestigio;Prestigio MultiPhone 3512 DUO
893;60;9;Prestigio;Prestigio MultiPhone 3527 DUO
894;98;15;Prestigio;Prestigio MultiPhone 5506 DUO
895;106;7;Prestigio;Prestigio MultiPhone 5530 DUO
896;65;3;Prestigio;Prestigio MultiPhone Wize N3 DUO
897;73;12;Prestigio;Prestigio Muze B1 DUO
898;93;8;Prestigio;Prestigio Muze B5 DUO
899;85;3;Prestigio;Prestigio Muze B7 DUO
900;93;3;Prestigio;Prestigio Muze C7 LTE
901;81;3;Prestigio;Prestigio Muze G3 DUO
902;87;6;Prestigio;Prestigio Muze H3 DUO
903;67;10;Prestigio;Prestigio Muze J3 DUO
904;57;3;Prestigio;Prestigio Wize G3
905;43;8;Prestigio;Prestigio Wize R3 DUO
906;14;13;Qumo;Qumo Push 184 Dual
907;16;3;Qumo;Qumo Push 242 Dual
908;12;5;Qumo;Qumo Push X2
909;114;10;RugGear;RugGear Explorer P860
910;55;2;RugGear;RugGear Mariner RG128
911;32;9;RugGear;RugGear RG129
912;54;11;RugGear;RugGear RG160
913;198;11;RugGear;RugGear RG310 Voyager
914;319;5;RugGear;RugGear RG730
915;477;12;RugGear;RugGear RG740
916;311;5;RugGear;RugGear Swift Pro RG500
917;123;6;Samsung;Samsung Galaxy A3
918;178;12;Samsung;Samsung Galaxy A3 2016
919;213;4;Samsung;Samsung Galaxy A3 2017
920;137;12;Samsung;Samsung Galaxy A5
921;160;13;Samsung;Samsung Galaxy A5 2016
922;274;6;Samsung;Samsung Galaxy A5 2017
923;190;4;Samsung;Samsung Galaxy A7
924;237;6;Samsung;Samsung Galaxy A7 2016
925;319;2;Samsung;Samsung Galaxy A7 2017
926;574;5;Samsung;Samsung Galaxy A8 16GB
927;430;14;Samsung;Samsung Galaxy A8 2018 32GB
928;459;13;Samsung;Samsung Galaxy A8 2018 64GB
929;482;6;Samsung;Samsung Galaxy A8 32GB
930;487;2;Samsung;Samsung Galaxy A8 Plus 2018 32GB
931;65;14;Samsung;Samsung Galaxy Ace
932;92;8;Samsung;Samsung Galaxy Alpha
933;236;8;Samsung;Samsung Galaxy C5 32GB
934;154;9;Samsung;Samsung Galaxy Grand 2 Duos
935;98;2;Samsung;Samsung Galaxy Grand Duos
936;98;9;Samsung;Samsung Galaxy J1
937;93;14;Samsung;Samsung Galaxy J1 2016
938;63;7;Samsung;Samsung Galaxy J1 mini 2016
939;80;7;Samsung;Samsung Galaxy J1 mini Prime
940;163;6;Samsung;Samsung Galaxy J2
941;138;6;Samsung;Samsung Galaxy J2 2018
942;111;13;Samsung;Samsung Galaxy J2 Prime
943;105;5;Samsung;Samsung Galaxy J2 Prime Duos
944;147;7;Samsung;Samsung Galaxy J3
945;118;14;Samsung;Samsung Galaxy J3 2016
946;162;13;Samsung;Samsung Galaxy J3 2017
947;131;7;Samsung;Samsung Galaxy J3 Pro
948;151;12;Samsung;Samsung Galaxy J5
949;156;2;Samsung;Samsung Galaxy J5 2016
950;209;10;Samsung;Samsung Galaxy J5 2017
951;180;8;Samsung;Samsung Galaxy J5 Prime 2016
952;229;15;Samsung;Samsung Galaxy J5 Pro 2017
953;201;4;Samsung;Samsung Galaxy J7
954;182;7;Samsung;Samsung Galaxy J7 2016
955;237;11;Samsung;Samsung Galaxy J7 2017
956;169;3;Samsung;Samsung Galaxy J7 Nxt
957;164;6;Samsung;Samsung Galaxy Note 3
958;152;8;Samsung;Samsung Galaxy Note 3 LTE
959;170;6;Samsung;Samsung Galaxy Note 4
960;234;11;Samsung;Samsung Galaxy Note 5 32GB
961;423;13;Samsung;Samsung Galaxy Note 5 Duos
962;834;2;Samsung;Samsung Galaxy Note8 128GB
963;733;15;Samsung;Samsung Galaxy Note8 64GB
964;181;2;Samsung;Samsung Galaxy On8 2016
965;72;15;Samsung;Samsung Galaxy S Duos
966;98;5;Samsung;Samsung Galaxy S2
967;114;8;Samsung;Samsung Galaxy S3 16GB
968;796;7;Samsung;Samsung Galaxy S3 32GB
969;110;13;Samsung;Samsung Galaxy S3 mini 8GB
970;103;5;Samsung;Samsung Galaxy S4 16GB
971;103;15;Samsung;Samsung Galaxy S4 LTE
972;104;3;Samsung;Samsung Galaxy S4 mini
973;101;12;Samsung;Samsung Galaxy S4 mini LTE
974;119;3;Samsung;Samsung Galaxy S5 16GB
975;260;7;Samsung;Samsung Galaxy S5 Duos
976;151;9;Samsung;Samsung Galaxy S5 LTE
977;147;10;Samsung;Samsung Galaxy S5 mini
978;119;15;Samsung;Samsung Galaxy S5 Octa 16GB
979;175;5;Samsung;Samsung Galaxy S6 32GB
980;267;10;Samsung;Samsung Galaxy S6 Edge 32GB
981;425;9;Samsung;Samsung Galaxy S6 Edge 64GB
982;369;15;Samsung;Samsung Galaxy S6 Edge Plus 32GB
983;237;11;Samsung;Samsung Galaxy S7 32GB
984;333;13;Samsung;Samsung Galaxy S7 Edge 32GB
985;581;8;Samsung;Samsung Galaxy S8
986;770;11;Samsung;Samsung Galaxy S8 Plus 128GB
987;630;3;Samsung;Samsung Galaxy S8 Plus 64GB
988;984;13;Samsung;Samsung Galaxy S9 64GB
989;106;11;Samsung;Samsung Galaxy Win Duos
990;248;14;Samsung;Samsung Galaxy Xcover 4
991;65;5;Samsung;Samsung GT-C3010
992;52;4;Samsung;Samsung GT-C3050
993;128;8;Samsung;Samsung GT-C3322 Duos
994;90;13;Samsung;Samsung GT-C3520
995;36;5;Samsung;Samsung GT-E1182 Duos
996;54;4;Samsung;Samsung GT-E2330
997;65;3;Samsung;Samsung GT-E2530
998;59;11;Samsung;Samsung GT-E2550 Monte Slider
999;49;9;Samsung;Samsung GT-E3210
1000;67;3;Samsung;Samsung GT-S3600
1001;114;10;Samsung;Samsung GT-S5150 Diva folder
1002;119;13;Samsung;Samsung GT-S5610
1003;86;13;SENSEIT;SENSEIT A200
1004;113;14;SENSEIT;SENSEIT E510
1005;31;15;SENSEIT;SENSEIT L208
1006;52;7;SENSEIT;SENSEIT P101
1007;55;8;SENSEIT;SENSEIT P110
1008;40;9;SENSEIT;SENSEIT P210
1009;85;15;SENSEIT;SENSEIT P300
1010;139;4;SENSEIT;SENSEIT R450
1011;80;13;Sony Ericsson;Sony Ericsson Aino
1012;65;10;Sony Ericsson;Sony Ericsson C510i
1013;86;6;Sony Ericsson;Sony Ericsson C702i
1014;72;14;Sony Ericsson;Sony Ericsson C902i
1015;80;9;Sony Ericsson;Sony Ericsson C903i
1016;80;15;Sony Ericsson;Sony Ericsson C905i
1017;70;11;Sony Ericsson;Sony Ericsson Cedar
1018;67;11;Sony Ericsson;Sony Ericsson Elm
1019;75;4;Sony Ericsson;Sony Ericsson Hazel
1020;77;12;Sony Ericsson;Sony Ericsson J105
1021;54;10;Sony Ericsson;Sony Ericsson K660i
1022;62;6;Sony Ericsson;Sony Ericsson K750i
1023;93;7;Sony Ericsson;Sony Ericsson K770i
1024;57;5;Sony Ericsson;Sony Ericsson K790i
1025;59;15;Sony Ericsson;Sony Ericsson K800i
1026;65;5;Sony Ericsson;Sony Ericsson K810i
1027;93;8;Sony Ericsson;Sony Ericsson K850i
1028;78;2;Sony Ericsson;Sony Ericsson Satio
1029;57;10;Sony Ericsson;Sony Ericsson T700i
1030;57;15;Sony Ericsson;Sony Ericsson T715i
1031;83;15;Sony Ericsson;Sony Ericsson W380i
1032;72;2;Sony Ericsson;Sony Ericsson W508i
1033;68;12;Sony Ericsson;Sony Ericsson W580i
1034;54;2;Sony Ericsson;Sony Ericsson W595i
1035;65;8;Sony Ericsson;Sony Ericsson W705i
1036;54;10;Sony Ericsson;Sony Ericsson W810i
1037;59;5;Sony Ericsson;Sony Ericsson W880i
1038;62;13;Sony Ericsson;Sony Ericsson W890i
1039;80;7;Sony Ericsson;Sony Ericsson W980i
1040;105;7;Sony Ericsson;Sony Ericsson W995i
1041;62;12;Sony Ericsson;Sony Ericsson Xperia Neo V
1042;65;7;Sony Ericsson;Sony Ericsson Xperia Ray
1043;311;12;Sony;Sony Xperia C5 Ultra Dual
1044;129;3;Sony;Sony Xperia E5
1045;93;3;Sony;Sony Xperia Ion
1046;77;2;Sony;Sony Xperia J
1047;89;9;Sony;Sony Xperia L
1048;190;7;Sony;Sony Xperia L1
1049;163;8;Sony;Sony Xperia L1 Dual
1050;226;5;Sony;Sony Xperia L2 Dual Sim
1051;151;3;Sony;Sony Xperia M4 Aqua
1052;143;2;Sony;Sony Xperia M4 Aqua Dual
1053;260;6;Sony;Sony Xperia M5 Dual
1054;73;4;Sony;Sony Xperia miro
1055;88;5;Sony;Sony Xperia P
1056;91;5;Sony;Sony Xperia S
1057;137;3;Sony;Sony Xperia SP
1058;98;14;Sony;Sony Xperia T
1059;244;4;Sony;Sony Xperia T3
1060;102;10;Sony;Sony Xperia TX
1061;78;10;Sony;Sony Xperia U
1062;98;14;Sony;Sony Xperia V
1063;244;3;Sony;Sony Xperia X
1064;303;6;Sony;Sony Xperia X Compact
1065;267;4;Sony;Sony Xperia X Dual
1066;352;3;Sony;Sony Xperia X Performance
1067;341;15;Sony;Sony Xperia X Performance Dual
1068;185;3;Sony;Sony Xperia XA
1069;177;11;Sony;Sony Xperia XA Dual
1070;246;15;Sony;Sony Xperia XA Ultra
1071;278;4;Sony;Sony Xperia XA Ultra Dual
1072;218;12;Sony;Sony Xperia XA1
1073;218;3;Sony;Sony Xperia XA1 Dual
1074;303;13;Sony;Sony Xperia XA1 Plus Dual
1075;393;3;Sony;Sony Xperia XA1 Ultra
1076;322;2;Sony;Sony Xperia XA1 Ultra Dual
1077;399;5;Sony;Sony Xperia XA2 Dual
1078;457;14;Sony;Sony Xperia XA2 Ultra Dual
1079;477;5;Sony;Sony Xperia XZ
1080;359;9;Sony;Sony Xperia XZ Dual
1081;504;3;Sony;Sony Xperia XZ Premium
1082;902;5;Sony;Sony Xperia XZ Premium Dual
1083;426;15;Sony;Sony Xperia XZ1 Compact
1084;454;10;Sony;Sony Xperia XZ1 Dual
1085;369;3;Sony;Sony Xperia XZs
1086;359;7;Sony;Sony Xperia XZs Dual
1087;100;7;Sony;Sony Xperia Z
1088;233;13;Sony;Sony Xperia Z Ultra
1089;112;7;Sony;Sony Xperia Z1
1090;112;6;Sony;Sony Xperia Z1 Compact
1091;131;11;Sony;Sony Xperia Z2
1092;138;2;Sony;Sony Xperia Z3
1093;132;11;Sony;Sony Xperia Z3 Compact
1094;170;5;Sony;Sony Xperia Z3 Plus
1095;216;10;Sony;Sony Xperia Z5
1096;216;7;Sony;Sony Xperia Z5 Compact
1097;279;14;Sony;Sony Xperia Z5 Dual
1098;279;12;Sony;Sony Xperia Z5 Premium
1099;100;6;Sony;Sony Xperia ZL
1100;107;3;Sony;Sony Xperia ZR
1101;12;9;Stark;Stark Impress Fun
1102;16;2;Stark;Stark K201
1103;9;11;Texet;Texet TM-101
1104;8;11;Texet;Texet TM-104
1105;14;14;Texet;Texet TM-125
1106;11;6;Texet;Texet TM-127
1107;45;11;Texet;Texet TM-128
1108;15;11;Texet;Texet TM-203
1109;21;8;Texet;Texet TM-204
1110;15;9;Texet;Texet TM-214
1111;22;11;Texet;Texet TM-230
1112;21;3;Texet;Texet TM-303
1113;22;15;Texet;Texet TM-304
1114;27;7;Texet;Texet TM-400
1115;25;15;Texet;Texet TM-402
1116;14;3;Texet;Texet TM-403
1117;30;8;Texet;Texet TM-404
1118;135;15;Texet;Texet TM-4083
1119;106;6;Texet;Texet TM-4084
1120;32;11;Texet;Texet TM-4510
1121;50;10;Texet;Texet TM-501R
1122;17;2;Texet;Texet TM-504R
1123;49;11;Texet;Texet TM-512R
1124;52;7;Texet;Texet TM-513R
1125;58;15;Texet;Texet TM-515R
1126;50;5;Texet;Texet TM-520R
1127;16;15;Texet;Texet TM-B206
1128;30;5;Texet;Texet TM-B216
1129;17;3;Texet;Texet TM-B217
1130;20;15;Texet;Texet TM-B220
1131;25;3;Texet;Texet TM-B306
1132;20;9;Texet;Texet TM-B320
1133;26;12;Texet;Texet TM-B330
1134;24;9;Texet;Texet TM-D227
1135;18;10;Texet;Texet TM-D228
1136;25;12;Texet;Texet TM-D327
1137;32;5;Texet;Texet TM-D328
1138;24;15;Texet;Texet TM-D427
1139;31;3;Texet;Texet X-driver Quad TM-4082R
1140;62;4;Texet;Texet X-quad TM-4503
1141;90;3;Texet;Texet X-shine TM-5007
1142;81;10;TP-LINK;TP-LINK Neffos C5
1143;114;15;TP-LINK;TP-LINK Neffos C5 Max
1144;67;14;TP-LINK;TP-LINK Neffos C5L
1145;130;3;TP-LINK;TP-LINK Neffos X1 16GB
1146;145;2;TP-LINK;TP-LINK Neffos X1 32GB
1147;118;6;TP-LINK;TP-LINK Neffos X1 Lite
1148;175;12;TP-LINK;TP-LINK Neffos X1 Max 32GB
1149;201;3;TP-LINK;TP-LINK Neffos X1 Max 64GB
1150;88;7;TP-LINK;TP-LINK Neffos Y5
1151;68;3;TP-LINK;TP-LINK Neffos Y50
1152;50;15;TP-LINK;TP-LINK Neffos Y5L
1153;79;9;Turbo;Turbo X5
1154;265;7;UleFone;UleFone Armor 2
1155;268;14;UleFone;UleFone Gemini
1156;261;2;UleFone;UleFone Power
1157;186;12;UleFone;UleFone Power 2
1158;246;14;UleFone;UleFone T1
1159;40;9;Vertex;Vertex C304
1160;21;5;Vertex;Vertex C305
1161;19;8;Vertex;Vertex C306
1162;29;2;Vertex;Vertex C307
1163;28;8;Vertex;Vertex C308
1164;31;5;Vertex;Vertex C310
1165;19;9;Vertex;Vertex D503
1166;26;13;Vertex;Vertex D508
1167;35;8;Vertex;Vertex D510
1168;19;13;Vertex;Vertex D511
1169;24;12;Vertex;Vertex D513
1170;29;14;Vertex;Vertex D514
1171;23;14;Vertex;Vertex D515
1172;12;3;Vertex;Vertex D516
1173;16;9;Vertex;Vertex D517
1174;22;5;Vertex;Vertex D518
1175;124;5;Vertex;Vertex Impress Action
1176;86;13;Vertex;Vertex Impress Dune
1177;63;5;Vertex;Vertex Impress Eagle
1178;44;11;Vertex;Vertex Impress Fit
1179;91;13;Vertex;Vertex Impress Fortune
1180;47;7;Vertex;Vertex Impress Fun
1181;111;15;Vertex;Vertex Impress Genius
1182;65;14;Vertex;Vertex Impress Glory
1183;177;9;Vertex;Vertex Impress Grip
1184;84;10;Vertex;Vertex Impress Groove
1185;114;7;Vertex;Vertex Impress In Touch 3G
1186;114;6;Vertex;Vertex Impress In Touch 4G
1187;57;11;Vertex;Vertex Impress Jazz
1188;65;5;Vertex;Vertex Impress L
1189;63;4;Vertex;Vertex Impress Lightning
1190;90;4;Vertex;Vertex Impress Lion 3G
1191;98;6;Vertex;Vertex Impress Lion 4G
1192;80;14;Vertex;Vertex Impress Lotus
1193;57;9;Vertex;Vertex Impress Luck
1194;141;3;Vertex;Vertex Impress Lux
1195;63;8;Vertex;Vertex Impress M
1196;65;8;Vertex;Vertex Impress Novo
1197;67;14;Vertex;Vertex Impress Open
1198;87;2;Vertex;Vertex Impress Orion
1199;90;15;Vertex;Vertex Impress Ra
1200;70;12;Vertex;Vertex Impress Saturn
1201;57;9;Vertex;Vertex Impress Star
1202;131;10;Vertex;Vertex Impress Strong
1203;141;4;Vertex;Vertex Impress Tor
1204;107;9;Vertex;Vertex Impress X
1205;43;9;Vertex;Vertex K202
1206;44;3;Vertex;Vertex K203
1207;60;13;Vertex;Vertex K204
1208;8;4;Vertex;Vertex M105
1209;13;3;Vertex;Vertex M107
1210;8;9;Vertex;Vertex M110
1211;24;14;Vertex;Vertex S104
1212;28;11;Vertex;Vertex S105
1213;32;6;Vertex;Vertex S106
1214;40;11;Vertex;Vertex S107
1215;311;13;Vivo;Vivo V7
1216;361;12;Vivo;Vivo V7 Plus
1217;147;8;Vivo;Vivo Y53
1218;81;5;WileyFox;WileyFox Spark
1219;147;3;WileyFox;WileyFox Swift
1220;114;10;WileyFox;WileyFox Swift 2 Plus
1221;146;8;xDevice;xDevice Android Note II 5.0
1222;266;3;Xiaomi;Xiaomi Mi 3 16GB
1223;159;11;Xiaomi;Xiaomi Mi 4
1224;151;8;Xiaomi;Xiaomi Mi 5 32GB
1225;281;2;Xiaomi;Xiaomi Mi 5 64GB
1226;201;4;Xiaomi;Xiaomi Mi 5c 64GB
1227;359;10;Xiaomi;Xiaomi Mi 5s 128GB
1228;320;12;Xiaomi;Xiaomi Mi 5s 32GB
1229;293;10;Xiaomi;Xiaomi Mi 5s 64GB
1230;339;10;Xiaomi;Xiaomi Mi 5s Plus 128GB
1231;293;3;Xiaomi;Xiaomi Mi 5s Plus 64GB
1232;249;4;Xiaomi;Xiaomi Mi 5x 32GB
1233;187;15;Xiaomi;Xiaomi Mi 5x 64GB
1234;406;5;Xiaomi;Xiaomi Mi 6 128GB
1235;340;10;Xiaomi;Xiaomi Mi 6 64GB
1236;188;5;Xiaomi;Xiaomi Mi A1 32GB
1237;197;14;Xiaomi;Xiaomi Mi A1 64GB
1238;297;12;Xiaomi;Xiaomi Mi Max 128GB
1239;320;2;Xiaomi;Xiaomi Mi Max 2 128GB
1240;197;13;Xiaomi;Xiaomi Mi Max 2 32GB
1241;206;8;Xiaomi;Xiaomi Mi Max 2 64GB
1242;236;3;Xiaomi;Xiaomi Mi Max 32GB
1243;256;8;Xiaomi;Xiaomi Mi Max 64GB
1244;416;9;Xiaomi;Xiaomi Mi Mix 128GB
1245;568;13;Xiaomi;Xiaomi Mi Mix 2 128GB
1246;441;9;Xiaomi;Xiaomi Mi Mix 2 64GB
1247;521;8;Xiaomi;Xiaomi Mi Mix 256GB
1248;134;13;Xiaomi;Xiaomi Mi Note
1249;435;4;Xiaomi;Xiaomi Mi Note 2 128GB
1250;343;7;Xiaomi;Xiaomi Mi Note 2 64GB
1251;409;8;Xiaomi;Xiaomi Mi Note 3 128GB
1252;291;6;Xiaomi;Xiaomi Mi Note 3 64GB
1253;157;4;Xiaomi;Xiaomi Redmi 3 Pro
1254;126;8;Xiaomi;Xiaomi Redmi 3s 16GB
1255;162;2;Xiaomi;Xiaomi Redmi 3s 32GB
1256;143;15;Xiaomi;Xiaomi Redmi 3x
1257;129;7;Xiaomi;Xiaomi Redmi 4 16GB
1258;191;12;Xiaomi;Xiaomi Redmi 4 Pro 32GB
1259;97;3;Xiaomi;Xiaomi Redmi 4a 16GB
1260;124;15;Xiaomi;Xiaomi Redmi 4a 32GB
1261;119;6;Xiaomi;Xiaomi Redmi 4x 16GB
1262;139;3;Xiaomi;Xiaomi Redmi 4x 32GB
1263;188;4;Xiaomi;Xiaomi Redmi 4x 64GB
1264;126;15;Xiaomi;Xiaomi Redmi 5 16GB/2GB
1265;142;7;Xiaomi;Xiaomi Redmi 5 32GB/3GB
1266;190;14;Xiaomi;Xiaomi Redmi 5 32GB/4GB
1267;160;9;Xiaomi;Xiaomi Redmi 5 Plus 32GB
1268;188;4;Xiaomi;Xiaomi Redmi 5 Plus 64GB
1269;93;5;Xiaomi;Xiaomi Redmi 5a 16GB
1270;147;6;Xiaomi;Xiaomi Redmi Note 3 16GB
1271;164;10;Xiaomi;Xiaomi Redmi Note 3 32GB
1272;169;12;Xiaomi;Xiaomi Redmi Note 3 Pro 16GB
1273;208;4;Xiaomi;Xiaomi Redmi Note 3 Pro 32GB
1274;157;11;Xiaomi;Xiaomi Redmi Note 3i Pro SE 16GB
1275;195;4;Xiaomi;Xiaomi Redmi Note 3i Pro SE 32GB
1276;158;11;Xiaomi;Xiaomi Redmi Note 4 16GB
1277;150;3;Xiaomi;Xiaomi Redmi Note 4 32GB
1278;177;9;Xiaomi;Xiaomi Redmi Note 4 64GB
1279;152;15;Xiaomi;Xiaomi Redmi Note 4 Snapdragon 32GB
1280;177;7;Xiaomi;Xiaomi Redmi Note 4 Snapdragon 64GB
1281;238;3;Xiaomi;Xiaomi Redmi Note 4G
1282;137;10;Xiaomi;Xiaomi Redmi Note 4x 16GB
1283;151;5;Xiaomi;Xiaomi Redmi Note 4x 32GB
1284;172;12;Xiaomi;Xiaomi Redmi Note 4x 64GB
1285;98;4;Xiaomi;Xiaomi Redmi Note 5a 16GB
1286;132;7;Xiaomi;Xiaomi Redmi Note 5a Prime 32GB
1287;155;9;Xiaomi;Xiaomi Redmi Note 5a Prime 64GB
1288;242;12;Xiaomi;Xiaomi Redmi Pro 32GB
1289;223;7;Xiaomi;Xiaomi Redmi Pro 64GB
1290;83;14;ZOJI;ZOJI Z6
1291;443;2;ZTE;ZTE Axon 7
1292;278;7;ZTE;ZTE Axon 7 Mini
1293;80;14;ZTE;ZTE Blade A210
1294;90;9;ZTE;ZTE Blade A330
1295;86;3;ZTE;ZTE Blade A465
1296;92;9;ZTE;ZTE Blade A476
1297;94;13;ZTE;ZTE Blade A510
1298;112;5;ZTE;ZTE Blade A520
1299;114;10;ZTE;ZTE Blade A6
1300;98;14;ZTE;ZTE Blade A601
1301;98;6;ZTE;ZTE Blade A610
1302;175;3;ZTE;ZTE Blade A610 Plus
1303;142;10;ZTE;ZTE Blade A910
1304;71;6;ZTE;ZTE Blade GF3
1305;48;6;ZTE;ZTE Blade L110
1306;49;7;ZTE;ZTE Blade L370
1307;65;7;ZTE;ZTE Blade L5
1308;75;9;ZTE;ZTE Blade L5 Plus
1309;81;12;ZTE;ZTE Blade L7
1310;131;10;ZTE;ZTE Blade V7
1311;129;13;ZTE;ZTE Blade V7 Lite
1312;213;7;ZTE;ZTE Blade V7 Max
1313;157;15;ZTE;ZTE Blade V8 32GB
1314;229;12;ZTE;ZTE Blade V8 64GB
1315;122;9;ZTE;ZTE Blade V8 Lite
1316;164;7;ZTE;ZTE Blade V8 Mini
1317;107;10;ZTE;ZTE Blade X3
1318;147;8;ZTE;ZTE Blade Z10
1319;29;5;ZTE;ZTE F327
1320;246;7;ZTE;ZTE Grand S
1321;21;2;ZTE;ZTE N1
1322;174;9;ZTE;ZTE Nubia M2 Lite 32GB
1323;167;2;ZTE;ZTE Nubia M2 Lite 64GB
1324;167;13;ZTE;ZTE Nubia M2 Play
1325;285;12;ZTE;ZTE Nubia Z11 Max
1326;246;15;ZTE;ZTE Nubia Z11 mini
1327;240;8;ZTE;ZTE Nubia Z17 mini 64GB/4GB
1328;246;13;ZTE;ZTE Nubia Z9 Max
1329;28;5;ZTE;ZTE R340E
1330;19;7;ZTE;ZTE R341
1331;17;15;ZTE;ZTE R538
1332;15;9;ZTE;ZTE R550
1333;113;10;ZTE;ZTE V975
